<?xml version="1.0" encoding="UTF-8"?>
<project-private xmlns="http://www.netbeans.org/ns/project-private/1">
    <editor-bookmarks xmlns="http://www.netbeans.org/ns/editor-bookmarks/2" lastBookmarkId="0"/>
    <open-files xmlns="http://www.netbeans.org/ns/projectui-open-files/2">
        <group>
            <file>file:/C:/Users/abhij/Documents/NetBeansProjects/RailwayReservation/src/MainProject/Main.java</file>
            <file>file:/C:/Users/abhij/Documents/NetBeansProjects/RailwayReservation/src/RailwayReservation/Reservation.java</file>
            <file>file:/C:/Users/abhij/Documents/NetBeansProjects/RailwayReservation/src/Metrotrain/Metro.java</file>
        </group>
    </open-files>
</project-private>
